{"cameraMode":{"drawMode":0,"name":"Shaded","section":"Shading Mode"},"sceneLighting":true,"audioPlay":false,"sceneViewState":{"showFog":true,"showMaterialUpdate":true,"showSkybox":true,"showFlares":true,"showImageEffects":true,"showParticleSystems":true},"in2DMode":false,"pivot":{"x":-1.50474214553833,"y":2.31261944770813,"z":-8.878972053527832},"rotation":{"x":0.08981922268867493,"y":-0.5816610455513,"z":-0.06483075767755509,"w":-0.8058544993400574},"size":3.3848726749420168,"orthographic":false}