{"cameraMode":{"drawMode":0,"name":"Shaded","section":"Shading Mode"},"sceneLighting":true,"audioPlay":false,"sceneViewState":{"showFog":true,"showMaterialUpdate":false,"showSkybox":true,"showFlares":true,"showImageEffects":true,"showParticleSystems":true},"in2DMode":false,"pivot":{"x":1.3619863986968995,"y":0.3023778200149536,"z":0.08345890045166016},"rotation":{"x":-0.03165046498179436,"y":-0.09819444268941879,"z":0.003124682232737541,"w":-0.9946612119674683},"size":13.932962417602539,"orthographic":false}