{"cameraMode":{"drawMode":0,"name":"Shaded","section":"Shading Mode"},"sceneLighting":true,"audioPlay":false,"sceneViewState":{"showFog":true,"showMaterialUpdate":true,"showSkybox":true,"showFlares":true,"showImageEffects":true,"showParticleSystems":true},"in2DMode":false,"pivot":{"x":-0.427907794713974,"y":0.6789277791976929,"z":-2.979379177093506},"rotation":{"x":-0.06175672635436058,"y":0.02155430242419243,"z":-0.0013315619435161353,"w":-0.997871458530426},"size":3.1917569637298586,"orthographic":false}