{"cameraMode":{"drawMode":0,"name":"Shaded","section":"Shading Mode"},"sceneLighting":true,"audioPlay":false,"sceneViewState":{"showFog":true,"showMaterialUpdate":true,"showSkybox":true,"showFlares":true,"showImageEffects":true,"showParticleSystems":true},"in2DMode":false,"pivot":{"x":-0.05693909525871277,"y":1.304979920387268,"z":1.1832265853881837},"rotation":{"x":-0.0018096599960699678,"y":-0.005403945222496986,"z":0.000012240243449923582,"w":-1.000001072883606},"size":5.407395362854004,"orthographic":false}