{"cameraMode":{"drawMode":0,"name":"Shaded","section":"Shading Mode"},"sceneLighting":true,"audioPlay":false,"sceneViewState":{"showFog":true,"showMaterialUpdate":true,"showSkybox":true,"showFlares":true,"showImageEffects":true,"showParticleSystems":true},"in2DMode":false,"pivot":{"x":-2.2900867462158205,"y":1.6503915786743165,"z":0.8217058181762695},"rotation":{"x":0.02356002666056156,"y":0.10388075560331345,"z":0.002463997807353735,"w":-0.994324803352356},"size":5.407395362854004,"orthographic":false}