{"cameraMode":{"drawMode":0,"name":"Shaded","section":"Shading Mode"},"sceneLighting":true,"audioPlay":false,"sceneViewState":{"showFog":true,"showMaterialUpdate":true,"showSkybox":true,"showFlares":true,"showImageEffects":true,"showParticleSystems":true},"in2DMode":false,"pivot":{"x":0.16647209227085114,"y":1.2626713514328004,"z":-3.6843338012695314},"rotation":{"x":-0.015304348431527615,"y":-0.024897804483771325,"z":0.00038425959064625204,"w":-0.9995860457420349},"size":2.891757011413574,"orthographic":false}