{"cameraMode":{"drawMode":0,"name":"Shaded","section":"Shading Mode"},"sceneLighting":true,"audioPlay":false,"sceneViewState":{"showFog":true,"showMaterialUpdate":true,"showSkybox":true,"showFlares":true,"showImageEffects":true,"showParticleSystems":true},"in2DMode":false,"pivot":{"x":-0.4885927736759186,"y":1.23175847530365,"z":-0.4072141647338867},"rotation":{"x":-0.006308102980256081,"y":0.023094283416867257,"z":-0.0001432020217180252,"w":-0.999731183052063},"size":4.566729545593262,"orthographic":false}