{"cameraMode":{"drawMode":0,"name":"Shaded","section":"Shading Mode"},"sceneLighting":true,"audioPlay":false,"sceneViewState":{"showFog":true,"showMaterialUpdate":true,"showSkybox":true,"showFlares":true,"showImageEffects":true,"showParticleSystems":true},"in2DMode":false,"pivot":{"x":-2.043954849243164,"y":-1.670676827430725,"z":4.450849533081055},"rotation":{"x":-0.10329236090183258,"y":0.07958146929740906,"z":-0.008289617486298085,"w":-0.9914407134056091},"size":7.674373626708984,"orthographic":false}